title,price,rating
Apple iPhone 14 Pro (128 GB) - Space Black,"₹1,19,999.00",4.5 out of 5 stars
Apple iPhone 14 Pro Max (128 GB) - Deep Purple,"₹1,39,900.00",4.5 out of 5 stars
Apple iPhone 14 Pro (128 GB) - Gold,"₹1,19,999.00",4.5 out of 5 stars
Apple iPhone 14 Pro (256 GB) - Space Black,"₹1,29,999.00",4.5 out of 5 stars
Apple iPhone 14 Pro (128 GB) - Deep Purple,"₹1,19,999.00",4.5 out of 5 stars
Apple iPhone 14 Pro (128 GB) - Silver,"₹1,19,999.00",4.5 out of 5 stars
Apple iPhone 14 Pro (128 GB) - Space Black,"₹1,19,999.00",4.5 out of 5 stars
Apple iPhone 14 Pro (256 GB) - Deep Purple,"₹1,29,999.00",4.5 out of 5 stars
Apple iPhone 14 Pro (256 GB) - Silver,"₹1,39,900.00",4.5 out of 5 stars
Apple iPhone 14 Pro (512 GB) - Gold,"₹1,49,999.00",4.5 out of 5 stars
Apple iPhone 14 Pro (256 GB) - Gold,"₹1,39,900.00",4.5 out of 5 stars
Apple iPhone 14 Pro Max (128 GB) - Deep Purple,"₹1,39,900.00",4.5 out of 5 stars
ExpressB® Back Cover for iPhone 14 Pro | Minimal Protect | Ultra Thin Anti Scratch Matte Finish Case for iPhone 14 Pro (White),₹280.00,3.5 out of 5 stars
"Vonzee® Diamond Camera Lens Protector Compatible for iPhone 14 Pro/iPhone 14 Pro Max, [Anti-Scratch] Premium Tempered Glass Film Aluminum Alloy Lens Ring Cover (Deep Purple)",₹345.00,3.6 out of 5 stars
"Vonzee® Camera Lens Protector Compatible for iPhone 14 Pro/iPhone 14 Pro Max, [Anti-Scratch] Premium Tempered Glass Film Aluminum Alloy Lens Ring Cover (Black)",₹245.00,3.6 out of 5 stars
Apple iPhone 14 Pro Max (256 GB) - Deep Purple,"₹1,49,900.00",4.5 out of 5 stars
Apple iPhone 14 Pro Max (128 GB) - Silver,"₹1,27,999.00",4.5 out of 5 stars
Apple iPhone 14 Pro (1 TB) - Space Black,"₹1,69,999.00",4.5 out of 5 stars
Apple iPhone 14 Pro Max (256 GB) - Space Black,"₹1,37,999.00",4.5 out of 5 stars
Apple iPhone 14 Pro Max (128 GB) - Space Black,"₹1,27,999.00",4.5 out of 5 stars
Apple iPhone 14 Pro (1 TB) - Silver,"₹1,69,999.00",4.5 out of 5 stars
Apple iPhone 14 Pro Max (256 GB) - Gold,"₹1,49,900.00",4.5 out of 5 stars
Apple iPhone 14 Pro Max (1 TB) - Space Black,"₹1,89,900.00",3.6 out of 5 stars
Apple iPhone 14 Pro (512 GB) - Deep Purple,"₹1,59,900.00",4.5 out of 5 stars
Apple iPhone 14 Pro (1 TB) - Deep Purple,"₹1,69,999.00",4.5 out of 5 stars
Apple iPhone 14 Pro Max (1 TB) - Silver,"₹1,77,999.00",4.5 out of 5 stars
Apple iPhone 14 Pro (128 GB) - Gold,"₹1,19,999.00",4.5 out of 5 stars
Apple iPhone 14 Pro (256 GB) - Space Black,"₹1,29,999.00",4.5 out of 5 stars
Apple iPhone 14 Pro (128 GB) - Deep Purple,"₹1,19,999.00",4.5 out of 5 stars
Apple iPhone 14 Pro (128 GB) - Silver,"₹1,19,999.00",4.5 out of 5 stars
Apple iPhone 14 Pro (256 GB) - Deep Purple,"₹1,29,999.00",4.5 out of 5 stars
SupCares Edge to Edge Privacy Tempered Glass for iPhone 14 Pro (6.1 Inch) with Easy Self Installation Kit | Black,₹399.00,4.1 out of 5 stars
